-- phpMyAdmin SQL Dump
-- version 4.7.4
-- https://www.phpmyadmin.net/
--
-- Host: 127.0.0.1
-- Generation Time: 16 Mei 2019 pada 13.47
-- Versi Server: 10.1.28-MariaDB
-- PHP Version: 7.1.11

SET SQL_MODE = "NO_AUTO_VALUE_ON_ZERO";
SET AUTOCOMMIT = 0;
START TRANSACTION;
SET time_zone = "+00:00";


/*!40101 SET @OLD_CHARACTER_SET_CLIENT=@@CHARACTER_SET_CLIENT */;
/*!40101 SET @OLD_CHARACTER_SET_RESULTS=@@CHARACTER_SET_RESULTS */;
/*!40101 SET @OLD_COLLATION_CONNECTION=@@COLLATION_CONNECTION */;
/*!40101 SET NAMES utf8mb4 */;

--
-- Database: `db_anpborda`
--

-- --------------------------------------------------------

--
-- Struktur dari tabel `divisi`
--

CREATE TABLE `divisi` (
  `id` int(11) NOT NULL,
  `divisi` varchar(255) NOT NULL,
  `deskripsi` text NOT NULL,
  `created_at` timestamp NOT NULL DEFAULT CURRENT_TIMESTAMP,
  `updated_at` timestamp NOT NULL DEFAULT CURRENT_TIMESTAMP ON UPDATE CURRENT_TIMESTAMP
) ENGINE=InnoDB DEFAULT CHARSET=latin1;

--
-- Dumping data untuk tabel `divisi`
--

INSERT INTO `divisi` (`id`, `divisi`, `deskripsi`, `created_at`, `updated_at`) VALUES
(2, 'Marketing 3', 'Deskripsi divisi marketing 3', '2019-05-07 06:00:35', '2019-05-16 10:26:40'),
(3, 'Collection', 'Deskripsi collection', '2019-05-07 06:57:56', '2019-05-07 06:57:56'),
(4, 'Administration', 'Deskripsi administration', '2019-05-07 06:58:09', '2019-05-07 06:58:09');

-- --------------------------------------------------------

--
-- Struktur dari tabel `karyawan`
--

CREATE TABLE `karyawan` (
  `id` int(11) NOT NULL,
  `nik` varchar(255) NOT NULL,
  `nama` varchar(255) NOT NULL,
  `id_divisi` int(11) NOT NULL,
  `lama_bekerja` int(11) NOT NULL,
  `status` varchar(255) NOT NULL,
  `created_at` timestamp NOT NULL DEFAULT CURRENT_TIMESTAMP,
  `updated_at` timestamp NOT NULL DEFAULT CURRENT_TIMESTAMP ON UPDATE CURRENT_TIMESTAMP
) ENGINE=InnoDB DEFAULT CHARSET=latin1;

--
-- Dumping data untuk tabel `karyawan`
--

INSERT INTO `karyawan` (`id`, `nik`, `nama`, `id_divisi`, `lama_bekerja`, `status`, `created_at`, `updated_at`) VALUES
(1, '601080092', 'Iwed Alamso 2', 3, 3, 'Karyawan Kontrak', '2019-05-07 07:50:19', '2019-05-16 11:46:32'),
(2, '600417001', 'Robbie', 3, 2, 'Karyawan Tetap', '2019-05-07 07:51:04', '2019-05-07 07:51:04'),
(3, '61110018', 'Lenia Agustina', 4, 1, 'Karyawan Tetap', '2019-05-07 07:51:44', '2019-05-07 07:51:44'),
(4, '60117061', 'Riska Yuliza', 4, 2, 'Karyawan Tetap', '2019-05-07 07:52:16', '2019-05-07 07:52:16'),
(5, '60417068', 'Yeti Astrianti', 4, 1, 'Karyawan Tetap', '2019-05-07 07:52:52', '2019-05-07 07:52:52'),
(6, '600417003', 'Tria Mareta Oetary', 4, 1, 'Karyawan Tetap', '2019-05-07 07:53:44', '2019-05-07 07:53:44'),
(7, '560417006', 'Aspy Donni', 2, 4, 'Karyawan Tetap', '2019-05-07 07:54:38', '2019-05-07 07:54:38'),
(8, '600517005', 'Baidillah', 2, 3, 'Karyawan Tetap', '2019-05-07 07:55:23', '2019-05-07 07:55:23'),
(9, '60317066', 'Donny Afrian', 2, 4, 'Karyawan Tetap', '2019-05-07 07:55:55', '2019-05-07 07:55:55'),
(10, '601017008', 'Harmanzah', 2, 5, 'Karyawan Tetap', '2019-05-07 07:56:33', '2019-05-07 07:56:33'),
(11, '191116039', 'Bambang Susanto', 2, 5, 'Karyawan Tetap', '2019-05-07 07:57:05', '2019-05-07 07:57:05'),
(12, '600118014', 'Astra Winata', 2, 3, 'Karyawan Tetap', '2019-05-07 07:57:38', '2019-05-07 07:57:38'),
(13, '600118013', 'Hendro Saputro', 2, 3, 'Karyawan Tetap', '2019-05-07 07:58:15', '2019-05-07 07:58:15'),
(14, '60417067', 'Herdiansyah', 3, 2, 'Karyawan Tetap', '2019-05-07 07:58:47', '2019-05-07 07:58:47'),
(15, '600717006', 'Yanzori', 3, 4, 'Karyawan Tetap', '2019-05-07 07:59:19', '2019-05-07 07:59:19'),
(16, '601017007', 'Romi Eka', 3, 3, 'Karyawan Tetap', '2019-05-07 07:59:59', '2019-05-07 07:59:59'),
(17, '600118012', 'Aldi', 4, 2, 'Karyawan Tetap', '2019-05-07 08:00:43', '2019-05-07 08:00:43'),
(18, '600116710', 'Juliadi', 2, 5, 'Karyawan Tetap', '2019-05-07 08:01:36', '2019-05-07 08:01:36'),
(19, '609162609', 'Mirza Pitriansyah', 2, 5, 'Karyawan Tetap', '2019-05-07 08:02:16', '2019-05-07 08:02:16'),
(20, '601142103', 'Suparzon', 3, 4, 'Karyawan Tetap', '2019-05-07 08:02:56', '2019-05-07 08:02:56'),
(21, '601141203', 'Eriy Agustian', 2, 4, 'Karyawan Tetap', '2019-05-07 08:03:33', '2019-05-07 08:03:33'),
(22, '601141905', 'Ladi Panca Saputra', 2, 2, 'Karyawan Tetap', '2019-05-07 08:04:22', '2019-05-07 08:04:22'),
(23, '601808041', 'Yunizar Taufik', 2, 3, 'Karyawan Tetap', '2019-05-07 08:05:25', '2019-05-07 08:05:25'),
(24, '601191410', 'Salim Ahbar', 2, 3, 'Karyawan Tetap', '2019-05-07 08:06:16', '2019-05-07 08:06:16'),
(25, '609081070', 'Jupri Yansah', 2, 3, 'Karyawan Tetap', '2019-05-07 08:06:51', '2019-05-07 08:06:51'),
(26, '601140305', 'Deni Andriansyah', 2, 3, 'Karyawan Tetap', '2019-05-07 08:07:23', '2019-05-07 08:07:23'),
(27, '603021906', 'Arke Antonio Ramadhan', 2, 2, 'Karyawan Tetap', '2019-05-07 08:07:58', '2019-05-07 08:07:58'),
(28, '601141912', 'Arizal', 3, 3, 'Karyawan Tetap', '2019-05-07 08:08:31', '2019-05-07 08:08:31'),
(29, '609052707', 'Adi Karta ', 3, 4, 'Karyawan Tetap', '2019-05-07 08:09:02', '2019-05-07 08:09:02'),
(30, '601132607', 'Jon Heri', 3, 4, 'Karyawan Tetap', '2019-05-07 08:09:33', '2019-05-07 08:09:33'),
(31, '601130805', 'Anton Wahyudi', 3, 4, 'Karyawan Tetap', '2019-05-07 08:10:05', '2019-05-07 08:10:05'),
(32, '601131809', 'Erwin Syahputra', 3, 3, 'Karyawan Tetap', '2019-05-07 08:10:40', '2019-05-07 08:10:40'),
(33, '157107270', 'Susatrio Risoni', 4, 3, 'Karyawan Tetap', '2019-05-07 08:11:13', '2019-05-07 08:11:13'),
(34, '601140803', 'Fatmawati', 4, 2, 'Karyawan Tetap', '2019-05-07 08:11:45', '2019-05-07 08:11:45'),
(35, '601140708', 'Ervina', 4, 2, 'Karyawan Tetap', '2019-05-07 08:12:18', '2019-05-07 08:12:18'),
(36, '601140701', 'Yenti Sartika', 4, 2, 'Karyawan Tetap', '2019-05-07 08:12:49', '2019-05-07 08:12:49'),
(37, '601141102', 'Ari Afriansyah', 4, 2, 'Karyawan Tetap', '2019-05-07 08:13:23', '2019-05-07 08:13:23'),
(38, '601416011', 'Ahmad Bastiansyah', 4, 3, 'Karyawan Tetap', '2019-05-07 08:13:55', '2019-05-07 08:13:55'),
(39, '600417092', 'Sri Winartin', 2, 5, 'Karyawan Tetap', '2019-05-07 08:14:25', '2019-05-07 08:14:25'),
(40, '600417093', 'Prasenja', 4, 3, 'Karyawan Tetap', '2019-05-07 08:14:58', '2019-05-07 08:14:58'),
(41, '600417095', 'Devilia Pratiwi', 4, 3, 'Karyawan Tetap', '2019-05-07 08:15:29', '2019-05-07 08:15:29'),
(42, '600417098', 'Afriansyah', 4, 3, 'Karyawan Tetap', '2019-05-07 08:16:01', '2019-05-07 08:16:01'),
(43, '600417101', 'Agung Yahya', 3, 4, 'Karyawan Tetap', '2019-05-07 08:16:32', '2019-05-07 08:16:32'),
(44, '600419094', 'Angga Dwi Saputra', 2, 5, 'Karyawan Tetap', '2019-05-07 08:17:04', '2019-05-07 08:17:04'),
(45, '600417100', 'Ratna Sari', 3, 5, 'Karyawan Tetap', '2019-05-07 08:17:37', '2019-05-07 08:17:37'),
(46, '600417104', 'Nurfriansyah', 2, 4, 'Karyawan Tetap', '2019-05-07 08:18:07', '2019-05-07 08:18:07'),
(47, '600417094', 'Ronald', 3, 2, 'Karyawan Tetap', '2019-05-07 08:18:41', '2019-05-07 08:18:41'),
(48, '600417102', 'Dori Seriawan', 3, 4, 'Karyawan Tetap', '2019-05-07 08:19:13', '2019-05-07 08:19:13'),
(49, '600417110', 'Indah Sri', 2, 5, 'Karyawan Tetap', '2019-05-07 08:19:44', '2019-05-07 08:19:44'),
(50, '600417232', 'Heri Kurniawan', 2, 5, 'Karyawan Tetap', '2019-05-07 08:20:14', '2019-05-07 08:20:14');

-- --------------------------------------------------------

--
-- Struktur dari tabel `kriteria`
--

CREATE TABLE `kriteria` (
  `id` int(11) NOT NULL,
  `kriteria` varchar(255) NOT NULL,
  `deskripsi` text NOT NULL,
  `bobot` int(11) NOT NULL,
  `created_at` timestamp NOT NULL DEFAULT CURRENT_TIMESTAMP,
  `updated_at` timestamp NOT NULL DEFAULT CURRENT_TIMESTAMP ON UPDATE CURRENT_TIMESTAMP
) ENGINE=InnoDB DEFAULT CHARSET=latin1;

--
-- Dumping data untuk tabel `kriteria`
--

INSERT INTO `kriteria` (`id`, `kriteria`, `deskripsi`, `bobot`, `created_at`, `updated_at`) VALUES
(2, 'Kecerdasan Umum', 'Deskripsi kecerdasan umum', 1, '2019-05-07 06:03:18', '2019-05-07 06:03:18'),
(3, 'Keterampilan Kerja', 'Deskripsi keterampilan kerja', 3, '2019-05-07 06:05:35', '2019-05-07 06:05:35'),
(4, 'Kepribadian', 'Deskripsi kepribadian', 4, '2019-05-07 06:06:09', '2019-05-07 06:06:09'),
(5, 'Pengalaman Kerja', 'Deskripsi pengalaman kerja', 3, '2019-05-07 06:06:59', '2019-05-07 06:06:59'),
(6, 'Kemampuan Bersosialisasi', 'Deskripsi kemampuan bersosialisasi', 4, '2019-05-07 06:07:50', '2019-05-07 06:07:50'),
(7, 'Pengetahuan Mengenai Perusahaan', 'Deskripsi pengetahuan mengenai perusahaan', 7, '2019-05-07 06:08:18', '2019-05-07 06:08:18');

-- --------------------------------------------------------

--
-- Struktur dari tabel `pengguna`
--

CREATE TABLE `pengguna` (
  `id` int(11) NOT NULL,
  `username` varchar(255) NOT NULL,
  `password` char(32) NOT NULL,
  `id_role` int(11) NOT NULL,
  `nama` varchar(255) NOT NULL,
  `created_at` timestamp NOT NULL DEFAULT CURRENT_TIMESTAMP,
  `updated_at` timestamp NOT NULL DEFAULT CURRENT_TIMESTAMP ON UPDATE CURRENT_TIMESTAMP
) ENGINE=InnoDB DEFAULT CHARSET=latin1;

--
-- Dumping data untuk tabel `pengguna`
--

INSERT INTO `pengguna` (`id`, `username`, `password`, `id_role`, `nama`, `created_at`, `updated_at`) VALUES
(1, 'admin', 'e10adc3949ba59abbe56e057f20f883e', 1, 'Paulina Hutabarat', '2019-05-07 09:28:46', '2019-05-07 15:08:48'),
(2, 'pakar', 'e10adc3949ba59abbe56e057f20f883e', 2, 'Paulina Hutabarat', '2019-05-07 09:28:46', '2019-05-07 15:08:48');

-- --------------------------------------------------------

--
-- Struktur dari tabel `penilaian_karyawan`
--

CREATE TABLE `penilaian_karyawan` (
  `id` int(11) NOT NULL,
  `id_karyawan` int(11) NOT NULL,
  `id_subkriteria` int(11) NOT NULL,
  `nilai` int(11) NOT NULL,
  `created_at` timestamp NOT NULL DEFAULT CURRENT_TIMESTAMP,
  `updated_at` timestamp NOT NULL DEFAULT CURRENT_TIMESTAMP ON UPDATE CURRENT_TIMESTAMP
) ENGINE=InnoDB DEFAULT CHARSET=latin1;

--
-- Dumping data untuk tabel `penilaian_karyawan`
--

INSERT INTO `penilaian_karyawan` (`id`, `id_karyawan`, `id_subkriteria`, `nilai`, `created_at`, `updated_at`) VALUES
(61, 1, 3, 3, '2019-05-07 07:50:48', '2019-05-07 07:50:48'),
(62, 1, 4, 2, '2019-05-07 07:50:48', '2019-05-07 07:50:48'),
(63, 1, 5, 1, '2019-05-07 07:50:48', '2019-05-07 07:50:48'),
(64, 1, 6, 2, '2019-05-07 07:50:48', '2019-05-07 07:50:48'),
(65, 1, 7, 2, '2019-05-07 07:50:48', '2019-05-07 07:50:48'),
(66, 1, 8, 3, '2019-05-07 07:50:48', '2019-05-07 07:50:48'),
(67, 1, 9, 2, '2019-05-07 07:50:48', '2019-05-07 07:50:48'),
(68, 1, 10, 3, '2019-05-07 07:50:48', '2019-05-07 07:50:48'),
(69, 1, 11, 1, '2019-05-07 07:50:48', '2019-05-07 07:50:48'),
(70, 1, 12, 2, '2019-05-07 07:50:48', '2019-05-07 07:50:48'),
(71, 1, 13, 3, '2019-05-07 07:50:48', '2019-05-07 07:50:48'),
(72, 1, 14, 2, '2019-05-07 07:50:48', '2019-05-07 07:50:48'),
(73, 2, 3, 3, '2019-05-07 07:51:28', '2019-05-07 07:51:28'),
(74, 2, 4, 3, '2019-05-07 07:51:28', '2019-05-07 07:51:28'),
(75, 2, 5, 2, '2019-05-07 07:51:28', '2019-05-07 07:51:28'),
(76, 2, 6, 3, '2019-05-07 07:51:28', '2019-05-07 07:51:28'),
(77, 2, 7, 3, '2019-05-07 07:51:28', '2019-05-07 07:51:28'),
(78, 2, 8, 2, '2019-05-07 07:51:28', '2019-05-07 07:51:28'),
(79, 2, 9, 2, '2019-05-07 07:51:28', '2019-05-07 07:51:28'),
(80, 2, 10, 2, '2019-05-07 07:51:28', '2019-05-07 07:51:28'),
(81, 2, 11, 3, '2019-05-07 07:51:28', '2019-05-07 07:51:28'),
(82, 2, 12, 3, '2019-05-07 07:51:28', '2019-05-07 07:51:28'),
(83, 2, 13, 4, '2019-05-07 07:51:28', '2019-05-07 07:51:28'),
(84, 2, 14, 3, '2019-05-07 07:51:28', '2019-05-07 07:51:28'),
(85, 3, 3, 1, '2019-05-07 07:52:03', '2019-05-07 07:52:03'),
(86, 3, 4, 1, '2019-05-07 07:52:03', '2019-05-07 07:52:03'),
(87, 3, 5, 1, '2019-05-07 07:52:03', '2019-05-07 07:52:03'),
(88, 3, 6, 1, '2019-05-07 07:52:03', '2019-05-07 07:52:03'),
(89, 3, 7, 2, '2019-05-07 07:52:03', '2019-05-07 07:52:03'),
(90, 3, 8, 3, '2019-05-07 07:52:03', '2019-05-07 07:52:03'),
(91, 3, 9, 2, '2019-05-07 07:52:03', '2019-05-07 07:52:03'),
(92, 3, 10, 1, '2019-05-07 07:52:03', '2019-05-07 07:52:03'),
(93, 3, 11, 1, '2019-05-07 07:52:03', '2019-05-07 07:52:03'),
(94, 3, 12, 1, '2019-05-07 07:52:03', '2019-05-07 07:52:03'),
(95, 3, 13, 3, '2019-05-07 07:52:03', '2019-05-07 07:52:03'),
(96, 3, 14, 2, '2019-05-07 07:52:03', '2019-05-07 07:52:03'),
(97, 4, 3, 2, '2019-05-07 07:52:38', '2019-05-07 07:52:38'),
(98, 4, 4, 2, '2019-05-07 07:52:38', '2019-05-07 07:52:38'),
(99, 4, 5, 3, '2019-05-07 07:52:38', '2019-05-07 07:52:38'),
(100, 4, 6, 2, '2019-05-07 07:52:38', '2019-05-07 07:52:38'),
(101, 4, 7, 2, '2019-05-07 07:52:38', '2019-05-07 07:52:38'),
(102, 4, 8, 1, '2019-05-07 07:52:38', '2019-05-07 07:52:38'),
(103, 4, 9, 2, '2019-05-07 07:52:38', '2019-05-07 07:52:38'),
(104, 4, 10, 3, '2019-05-07 07:52:38', '2019-05-07 07:52:38'),
(105, 4, 11, 2, '2019-05-07 07:52:38', '2019-05-07 07:52:38'),
(106, 4, 12, 2, '2019-05-07 07:52:38', '2019-05-07 07:52:38'),
(107, 4, 13, 2, '2019-05-07 07:52:38', '2019-05-07 07:52:38'),
(108, 4, 14, 1, '2019-05-07 07:52:38', '2019-05-07 07:52:38'),
(109, 5, 3, 2, '2019-05-07 07:53:24', '2019-05-07 07:53:24'),
(110, 5, 4, 2, '2019-05-07 07:53:24', '2019-05-07 07:53:24'),
(111, 5, 5, 1, '2019-05-07 07:53:24', '2019-05-07 07:53:24'),
(112, 5, 6, 1, '2019-05-07 07:53:24', '2019-05-07 07:53:24'),
(113, 5, 7, 2, '2019-05-07 07:53:24', '2019-05-07 07:53:24'),
(114, 5, 8, 2, '2019-05-07 07:53:24', '2019-05-07 07:53:24'),
(115, 5, 9, 1, '2019-05-07 07:53:24', '2019-05-07 07:53:24'),
(116, 5, 10, 1, '2019-05-07 07:53:24', '2019-05-07 07:53:24'),
(117, 5, 11, 1, '2019-05-07 07:53:24', '2019-05-07 07:53:24'),
(118, 5, 12, 1, '2019-05-07 07:53:24', '2019-05-07 07:53:24'),
(119, 5, 13, 1, '2019-05-07 07:53:24', '2019-05-07 07:53:24'),
(120, 5, 14, 1, '2019-05-07 07:53:24', '2019-05-07 07:53:24'),
(121, 6, 3, 3, '2019-05-07 07:54:14', '2019-05-07 07:54:14'),
(122, 6, 4, 3, '2019-05-07 07:54:14', '2019-05-07 07:54:14'),
(123, 6, 5, 2, '2019-05-07 07:54:14', '2019-05-07 07:54:14'),
(124, 6, 6, 1, '2019-05-07 07:54:14', '2019-05-07 07:54:14'),
(125, 6, 7, 3, '2019-05-07 07:54:14', '2019-05-07 07:54:14'),
(126, 6, 8, 2, '2019-05-07 07:54:14', '2019-05-07 07:54:14'),
(127, 6, 9, 1, '2019-05-07 07:54:14', '2019-05-07 07:54:14'),
(128, 6, 10, 1, '2019-05-07 07:54:14', '2019-05-07 07:54:14'),
(129, 6, 11, 2, '2019-05-07 07:54:14', '2019-05-07 07:54:14'),
(130, 6, 12, 2, '2019-05-07 07:54:14', '2019-05-07 07:54:14'),
(131, 6, 13, 2, '2019-05-07 07:54:14', '2019-05-07 07:54:14'),
(132, 6, 14, 2, '2019-05-07 07:54:14', '2019-05-07 07:54:14'),
(133, 7, 3, 3, '2019-05-07 07:55:04', '2019-05-07 07:55:04'),
(134, 7, 4, 3, '2019-05-07 07:55:04', '2019-05-07 07:55:04'),
(135, 7, 5, 3, '2019-05-07 07:55:04', '2019-05-07 07:55:04'),
(136, 7, 6, 2, '2019-05-07 07:55:04', '2019-05-07 07:55:04'),
(137, 7, 7, 3, '2019-05-07 07:55:04', '2019-05-07 07:55:04'),
(138, 7, 8, 2, '2019-05-07 07:55:04', '2019-05-07 07:55:04'),
(139, 7, 9, 3, '2019-05-07 07:55:04', '2019-05-07 07:55:04'),
(140, 7, 10, 4, '2019-05-07 07:55:04', '2019-05-07 07:55:04'),
(141, 7, 11, 2, '2019-05-07 07:55:04', '2019-05-07 07:55:04'),
(142, 7, 12, 2, '2019-05-07 07:55:04', '2019-05-07 07:55:04'),
(143, 7, 13, 2, '2019-05-07 07:55:04', '2019-05-07 07:55:04'),
(144, 7, 14, 2, '2019-05-07 07:55:04', '2019-05-07 07:55:04'),
(145, 8, 3, 2, '2019-05-07 07:55:41', '2019-05-07 07:55:41'),
(146, 8, 4, 1, '2019-05-07 07:55:41', '2019-05-07 07:55:41'),
(147, 8, 5, 2, '2019-05-07 07:55:41', '2019-05-07 07:55:41'),
(148, 8, 6, 3, '2019-05-07 07:55:41', '2019-05-07 07:55:41'),
(149, 8, 7, 2, '2019-05-07 07:55:41', '2019-05-07 07:55:41'),
(150, 8, 8, 2, '2019-05-07 07:55:41', '2019-05-07 07:55:41'),
(151, 8, 9, 3, '2019-05-07 07:55:41', '2019-05-07 07:55:41'),
(152, 8, 10, 3, '2019-05-07 07:55:41', '2019-05-07 07:55:41'),
(153, 8, 11, 1, '2019-05-07 07:55:41', '2019-05-07 07:55:41'),
(154, 8, 12, 1, '2019-05-07 07:55:41', '2019-05-07 07:55:41'),
(155, 8, 13, 2, '2019-05-07 07:55:41', '2019-05-07 07:55:41'),
(156, 8, 14, 2, '2019-05-07 07:55:41', '2019-05-07 07:55:41'),
(157, 9, 3, 3, '2019-05-07 07:56:15', '2019-05-07 07:56:15'),
(158, 9, 4, 3, '2019-05-07 07:56:15', '2019-05-07 07:56:15'),
(159, 9, 5, 2, '2019-05-07 07:56:15', '2019-05-07 07:56:15'),
(160, 9, 6, 2, '2019-05-07 07:56:15', '2019-05-07 07:56:15'),
(161, 9, 7, 1, '2019-05-07 07:56:15', '2019-05-07 07:56:15'),
(162, 9, 8, 1, '2019-05-07 07:56:15', '2019-05-07 07:56:15'),
(163, 9, 9, 3, '2019-05-07 07:56:15', '2019-05-07 07:56:15'),
(164, 9, 10, 4, '2019-05-07 07:56:15', '2019-05-07 07:56:15'),
(165, 9, 11, 1, '2019-05-07 07:56:15', '2019-05-07 07:56:15'),
(166, 9, 12, 1, '2019-05-07 07:56:15', '2019-05-07 07:56:15'),
(167, 9, 13, 2, '2019-05-07 07:56:15', '2019-05-07 07:56:15'),
(168, 9, 14, 1, '2019-05-07 07:56:15', '2019-05-07 07:56:15'),
(169, 10, 3, 4, '2019-05-07 07:56:51', '2019-05-07 07:56:51'),
(170, 10, 4, 4, '2019-05-07 07:56:51', '2019-05-07 07:56:51'),
(171, 10, 5, 2, '2019-05-07 07:56:51', '2019-05-07 07:56:51'),
(172, 10, 6, 3, '2019-05-07 07:56:51', '2019-05-07 07:56:51'),
(173, 10, 7, 2, '2019-05-07 07:56:51', '2019-05-07 07:56:51'),
(174, 10, 8, 2, '2019-05-07 07:56:51', '2019-05-07 07:56:51'),
(175, 10, 9, 4, '2019-05-07 07:56:51', '2019-05-07 07:56:51'),
(176, 10, 10, 5, '2019-05-07 07:56:51', '2019-05-07 07:56:51'),
(177, 10, 11, 3, '2019-05-07 07:56:51', '2019-05-07 07:56:51'),
(178, 10, 12, 3, '2019-05-07 07:56:51', '2019-05-07 07:56:51'),
(179, 10, 13, 3, '2019-05-07 07:56:51', '2019-05-07 07:56:51'),
(180, 10, 14, 2, '2019-05-07 07:56:51', '2019-05-07 07:56:51'),
(181, 11, 3, 3, '2019-05-07 07:57:24', '2019-05-07 07:57:24'),
(182, 11, 4, 3, '2019-05-07 07:57:24', '2019-05-07 07:57:24'),
(183, 11, 5, 3, '2019-05-07 07:57:24', '2019-05-07 07:57:24'),
(184, 11, 6, 2, '2019-05-07 07:57:24', '2019-05-07 07:57:24'),
(185, 11, 7, 2, '2019-05-07 07:57:24', '2019-05-07 07:57:24'),
(186, 11, 8, 3, '2019-05-07 07:57:24', '2019-05-07 07:57:24'),
(187, 11, 9, 4, '2019-05-07 07:57:24', '2019-05-07 07:57:24'),
(188, 11, 10, 5, '2019-05-07 07:57:24', '2019-05-07 07:57:24'),
(189, 11, 11, 2, '2019-05-07 07:57:24', '2019-05-07 07:57:24'),
(190, 11, 12, 2, '2019-05-07 07:57:24', '2019-05-07 07:57:24'),
(191, 11, 13, 4, '2019-05-07 07:57:24', '2019-05-07 07:57:24'),
(192, 11, 14, 3, '2019-05-07 07:57:24', '2019-05-07 07:57:24'),
(193, 12, 3, 2, '2019-05-07 07:57:57', '2019-05-07 07:57:57'),
(194, 12, 4, 2, '2019-05-07 07:57:57', '2019-05-07 07:57:57'),
(195, 12, 5, 2, '2019-05-07 07:57:57', '2019-05-07 07:57:57'),
(196, 12, 6, 1, '2019-05-07 07:57:57', '2019-05-07 07:57:57'),
(197, 12, 7, 2, '2019-05-07 07:57:57', '2019-05-07 07:57:57'),
(198, 12, 8, 2, '2019-05-07 07:57:57', '2019-05-07 07:57:57'),
(199, 12, 9, 2, '2019-05-07 07:57:57', '2019-05-07 07:57:57'),
(200, 12, 10, 3, '2019-05-07 07:57:57', '2019-05-07 07:57:57'),
(201, 12, 11, 2, '2019-05-07 07:57:57', '2019-05-07 07:57:57'),
(202, 12, 12, 2, '2019-05-07 07:57:57', '2019-05-07 07:57:57'),
(203, 12, 13, 2, '2019-05-07 07:57:57', '2019-05-07 07:57:57'),
(204, 12, 14, 3, '2019-05-07 07:57:57', '2019-05-07 07:57:57'),
(205, 13, 3, 2, '2019-05-07 07:58:33', '2019-05-07 07:58:33'),
(206, 13, 4, 1, '2019-05-07 07:58:33', '2019-05-07 07:58:33'),
(207, 13, 5, 2, '2019-05-07 07:58:33', '2019-05-07 07:58:33'),
(208, 13, 6, 2, '2019-05-07 07:58:33', '2019-05-07 07:58:33'),
(209, 13, 7, 3, '2019-05-07 07:58:33', '2019-05-07 07:58:33'),
(210, 13, 8, 3, '2019-05-07 07:58:33', '2019-05-07 07:58:33'),
(211, 13, 9, 2, '2019-05-07 07:58:33', '2019-05-07 07:58:33'),
(212, 13, 10, 3, '2019-05-07 07:58:33', '2019-05-07 07:58:33'),
(213, 13, 11, 3, '2019-05-07 07:58:33', '2019-05-07 07:58:33'),
(214, 13, 12, 3, '2019-05-07 07:58:33', '2019-05-07 07:58:33'),
(215, 13, 13, 2, '2019-05-07 07:58:33', '2019-05-07 07:58:33'),
(216, 13, 14, 1, '2019-05-07 07:58:33', '2019-05-07 07:58:33'),
(217, 14, 3, 2, '2019-05-07 07:59:05', '2019-05-07 07:59:05'),
(218, 14, 4, 3, '2019-05-07 07:59:05', '2019-05-07 07:59:05'),
(219, 14, 5, 2, '2019-05-07 07:59:05', '2019-05-07 07:59:05'),
(220, 14, 6, 2, '2019-05-07 07:59:05', '2019-05-07 07:59:05'),
(221, 14, 7, 2, '2019-05-07 07:59:05', '2019-05-07 07:59:05'),
(222, 14, 8, 3, '2019-05-07 07:59:05', '2019-05-07 07:59:05'),
(223, 14, 9, 2, '2019-05-07 07:59:05', '2019-05-07 07:59:05'),
(224, 14, 10, 2, '2019-05-07 07:59:05', '2019-05-07 07:59:05'),
(225, 14, 11, 2, '2019-05-07 07:59:05', '2019-05-07 07:59:05'),
(226, 14, 12, 3, '2019-05-07 07:59:05', '2019-05-07 07:59:05'),
(227, 14, 13, 3, '2019-05-07 07:59:05', '2019-05-07 07:59:05'),
(228, 14, 14, 3, '2019-05-07 07:59:05', '2019-05-07 07:59:05'),
(229, 15, 3, 4, '2019-05-07 07:59:39', '2019-05-07 07:59:39'),
(230, 15, 4, 4, '2019-05-07 07:59:39', '2019-05-07 07:59:39'),
(231, 15, 5, 3, '2019-05-07 07:59:39', '2019-05-07 07:59:39'),
(232, 15, 6, 3, '2019-05-07 07:59:39', '2019-05-07 07:59:39'),
(233, 15, 7, 4, '2019-05-07 07:59:39', '2019-05-07 07:59:39'),
(234, 15, 8, 3, '2019-05-07 07:59:39', '2019-05-07 07:59:39'),
(235, 15, 9, 4, '2019-05-07 07:59:39', '2019-05-07 07:59:39'),
(236, 15, 10, 4, '2019-05-07 07:59:39', '2019-05-07 07:59:39'),
(237, 15, 11, 3, '2019-05-07 07:59:39', '2019-05-07 07:59:39'),
(238, 15, 12, 2, '2019-05-07 07:59:39', '2019-05-07 07:59:39'),
(239, 15, 13, 2, '2019-05-07 07:59:39', '2019-05-07 07:59:39'),
(240, 15, 14, 2, '2019-05-07 07:59:39', '2019-05-07 07:59:39'),
(241, 16, 3, 2, '2019-05-07 08:00:25', '2019-05-07 08:00:25'),
(242, 16, 4, 2, '2019-05-07 08:00:25', '2019-05-07 08:00:25'),
(243, 16, 5, 2, '2019-05-07 08:00:25', '2019-05-07 08:00:25'),
(244, 16, 6, 2, '2019-05-07 08:00:25', '2019-05-07 08:00:25'),
(245, 16, 7, 3, '2019-05-07 08:00:25', '2019-05-07 08:00:25'),
(246, 16, 8, 2, '2019-05-07 08:00:25', '2019-05-07 08:00:25'),
(247, 16, 9, 3, '2019-05-07 08:00:25', '2019-05-07 08:00:25'),
(248, 16, 10, 3, '2019-05-07 08:00:25', '2019-05-07 08:00:25'),
(249, 16, 11, 2, '2019-05-07 08:00:25', '2019-05-07 08:00:25'),
(250, 16, 12, 3, '2019-05-07 08:00:25', '2019-05-07 08:00:25'),
(251, 16, 13, 3, '2019-05-07 08:00:25', '2019-05-07 08:00:25'),
(252, 16, 14, 3, '2019-05-07 08:00:25', '2019-05-07 08:00:25'),
(253, 17, 3, 2, '2019-05-07 08:01:06', '2019-05-07 08:01:06'),
(254, 17, 4, 1, '2019-05-07 08:01:06', '2019-05-07 08:01:06'),
(255, 17, 5, 2, '2019-05-07 08:01:06', '2019-05-07 08:01:06'),
(256, 17, 6, 1, '2019-05-07 08:01:06', '2019-05-07 08:01:06'),
(257, 17, 7, 2, '2019-05-07 08:01:06', '2019-05-07 08:01:06'),
(258, 17, 8, 2, '2019-05-07 08:01:06', '2019-05-07 08:01:06'),
(259, 17, 9, 1, '2019-05-07 08:01:06', '2019-05-07 08:01:06'),
(260, 17, 10, 3, '2019-05-07 08:01:06', '2019-05-07 08:01:06'),
(261, 17, 11, 1, '2019-05-07 08:01:06', '2019-05-07 08:01:06'),
(262, 17, 12, 1, '2019-05-07 08:01:06', '2019-05-07 08:01:06'),
(263, 17, 13, 2, '2019-05-07 08:01:06', '2019-05-07 08:01:06'),
(264, 17, 14, 2, '2019-05-07 08:01:06', '2019-05-07 08:01:06'),
(265, 18, 3, 4, '2019-05-07 08:02:01', '2019-05-07 08:02:01'),
(266, 18, 4, 4, '2019-05-07 08:02:01', '2019-05-07 08:02:01'),
(267, 18, 5, 2, '2019-05-07 08:02:01', '2019-05-07 08:02:01'),
(268, 18, 6, 2, '2019-05-07 08:02:01', '2019-05-07 08:02:01'),
(269, 18, 7, 3, '2019-05-07 08:02:01', '2019-05-07 08:02:01'),
(270, 18, 8, 2, '2019-05-07 08:02:01', '2019-05-07 08:02:01'),
(271, 18, 9, 4, '2019-05-07 08:02:01', '2019-05-07 08:02:01'),
(272, 18, 10, 5, '2019-05-07 08:02:01', '2019-05-07 08:02:01'),
(273, 18, 11, 3, '2019-05-07 08:02:01', '2019-05-07 08:02:01'),
(274, 18, 12, 4, '2019-05-07 08:02:01', '2019-05-07 08:02:01'),
(275, 18, 13, 3, '2019-05-07 08:02:01', '2019-05-07 08:02:01'),
(276, 18, 14, 4, '2019-05-07 08:02:01', '2019-05-07 08:02:01'),
(277, 19, 3, 3, '2019-05-07 08:02:38', '2019-05-07 08:02:38'),
(278, 19, 4, 3, '2019-05-07 08:02:38', '2019-05-07 08:02:38'),
(279, 19, 5, 3, '2019-05-07 08:02:38', '2019-05-07 08:02:38'),
(280, 19, 6, 3, '2019-05-07 08:02:38', '2019-05-07 08:02:38'),
(281, 19, 7, 4, '2019-05-07 08:02:38', '2019-05-07 08:02:38'),
(282, 19, 8, 4, '2019-05-07 08:02:38', '2019-05-07 08:02:38'),
(283, 19, 9, 4, '2019-05-07 08:02:38', '2019-05-07 08:02:38'),
(284, 19, 10, 5, '2019-05-07 08:02:38', '2019-05-07 08:02:38'),
(285, 19, 11, 3, '2019-05-07 08:02:38', '2019-05-07 08:02:38'),
(286, 19, 12, 3, '2019-05-07 08:02:38', '2019-05-07 08:02:38'),
(287, 19, 13, 3, '2019-05-07 08:02:38', '2019-05-07 08:02:38'),
(288, 19, 14, 3, '2019-05-07 08:02:38', '2019-05-07 08:02:38'),
(289, 20, 3, 2, '2019-05-07 08:03:16', '2019-05-07 08:03:16'),
(290, 20, 4, 2, '2019-05-07 08:03:16', '2019-05-07 08:03:16'),
(291, 20, 5, 2, '2019-05-07 08:03:16', '2019-05-07 08:03:16'),
(292, 20, 6, 3, '2019-05-07 08:03:16', '2019-05-07 08:03:16'),
(293, 20, 7, 2, '2019-05-07 08:03:16', '2019-05-07 08:03:16'),
(294, 20, 8, 3, '2019-05-07 08:03:16', '2019-05-07 08:03:16'),
(295, 20, 9, 4, '2019-05-07 08:03:16', '2019-05-07 08:03:16'),
(296, 20, 10, 4, '2019-05-07 08:03:16', '2019-05-07 08:03:16'),
(297, 20, 11, 3, '2019-05-07 08:03:16', '2019-05-07 08:03:16'),
(298, 20, 12, 3, '2019-05-07 08:03:16', '2019-05-07 08:03:16'),
(299, 20, 13, 3, '2019-05-07 08:03:16', '2019-05-07 08:03:16'),
(300, 20, 14, 4, '2019-05-07 08:03:16', '2019-05-07 08:03:16'),
(301, 21, 3, 4, '2019-05-07 08:03:56', '2019-05-07 08:03:56'),
(302, 21, 4, 3, '2019-05-07 08:03:56', '2019-05-07 08:03:56'),
(303, 21, 5, 3, '2019-05-07 08:03:56', '2019-05-07 08:03:56'),
(304, 21, 6, 2, '2019-05-07 08:03:56', '2019-05-07 08:03:56'),
(305, 21, 7, 3, '2019-05-07 08:03:56', '2019-05-07 08:03:56'),
(306, 21, 8, 3, '2019-05-07 08:03:56', '2019-05-07 08:03:56'),
(307, 21, 9, 3, '2019-05-07 08:03:56', '2019-05-07 08:03:56'),
(308, 21, 10, 4, '2019-05-07 08:03:56', '2019-05-07 08:03:56'),
(309, 21, 11, 3, '2019-05-07 08:03:56', '2019-05-07 08:03:56'),
(310, 21, 12, 2, '2019-05-07 08:03:56', '2019-05-07 08:03:56'),
(311, 21, 13, 3, '2019-05-07 08:03:56', '2019-05-07 08:03:56'),
(312, 21, 14, 3, '2019-05-07 08:03:56', '2019-05-07 08:03:56'),
(313, 22, 3, 2, '2019-05-07 08:05:03', '2019-05-07 08:05:03'),
(314, 22, 4, 2, '2019-05-07 08:05:03', '2019-05-07 08:05:03'),
(315, 22, 5, 2, '2019-05-07 08:05:03', '2019-05-07 08:05:03'),
(316, 22, 6, 1, '2019-05-07 08:05:03', '2019-05-07 08:05:03'),
(317, 22, 7, 2, '2019-05-07 08:05:03', '2019-05-07 08:05:03'),
(318, 22, 8, 2, '2019-05-07 08:05:03', '2019-05-07 08:05:03'),
(319, 22, 9, 1, '2019-05-07 08:05:03', '2019-05-07 08:05:03'),
(320, 22, 10, 2, '2019-05-07 08:05:03', '2019-05-07 08:05:03'),
(321, 22, 11, 2, '2019-05-07 08:05:03', '2019-05-07 08:05:03'),
(322, 22, 12, 1, '2019-05-07 08:05:03', '2019-05-07 08:05:03'),
(323, 22, 13, 2, '2019-05-07 08:05:03', '2019-05-07 08:05:03'),
(324, 22, 14, 2, '2019-05-07 08:05:03', '2019-05-07 08:05:03'),
(325, 23, 3, 3, '2019-05-07 08:05:58', '2019-05-07 08:05:58'),
(326, 23, 4, 4, '2019-05-07 08:05:58', '2019-05-07 08:05:58'),
(327, 23, 5, 3, '2019-05-07 08:05:58', '2019-05-07 08:05:58'),
(328, 23, 6, 3, '2019-05-07 08:05:58', '2019-05-07 08:05:58'),
(329, 23, 7, 2, '2019-05-07 08:05:58', '2019-05-07 08:05:58'),
(330, 23, 8, 2, '2019-05-07 08:05:58', '2019-05-07 08:05:58'),
(331, 23, 9, 2, '2019-05-07 08:05:58', '2019-05-07 08:05:58'),
(332, 23, 10, 3, '2019-05-07 08:05:58', '2019-05-07 08:05:58'),
(333, 23, 11, 1, '2019-05-07 08:05:58', '2019-05-07 08:05:58'),
(334, 23, 12, 1, '2019-05-07 08:05:58', '2019-05-07 08:05:58'),
(335, 23, 13, 2, '2019-05-07 08:05:58', '2019-05-07 08:05:58'),
(336, 23, 14, 2, '2019-05-07 08:05:58', '2019-05-07 08:05:58'),
(337, 24, 3, 3, '2019-05-07 08:06:34', '2019-05-07 08:06:34'),
(338, 24, 4, 3, '2019-05-07 08:06:34', '2019-05-07 08:06:34'),
(339, 24, 5, 3, '2019-05-07 08:06:34', '2019-05-07 08:06:34'),
(340, 24, 6, 3, '2019-05-07 08:06:34', '2019-05-07 08:06:34'),
(341, 24, 7, 2, '2019-05-07 08:06:34', '2019-05-07 08:06:34'),
(342, 24, 8, 3, '2019-05-07 08:06:34', '2019-05-07 08:06:34'),
(343, 24, 9, 3, '2019-05-07 08:06:34', '2019-05-07 08:06:34'),
(344, 24, 10, 3, '2019-05-07 08:06:34', '2019-05-07 08:06:34'),
(345, 24, 11, 2, '2019-05-07 08:06:34', '2019-05-07 08:06:34'),
(346, 24, 12, 2, '2019-05-07 08:06:34', '2019-05-07 08:06:34'),
(347, 24, 13, 2, '2019-05-07 08:06:34', '2019-05-07 08:06:34'),
(348, 24, 14, 2, '2019-05-07 08:06:34', '2019-05-07 08:06:34'),
(349, 25, 3, 2, '2019-05-07 08:07:10', '2019-05-07 08:07:10'),
(350, 25, 4, 2, '2019-05-07 08:07:10', '2019-05-07 08:07:10'),
(351, 25, 5, 2, '2019-05-07 08:07:10', '2019-05-07 08:07:10'),
(352, 25, 6, 2, '2019-05-07 08:07:10', '2019-05-07 08:07:10'),
(353, 25, 7, 3, '2019-05-07 08:07:10', '2019-05-07 08:07:10'),
(354, 25, 8, 3, '2019-05-07 08:07:10', '2019-05-07 08:07:10'),
(355, 25, 9, 3, '2019-05-07 08:07:10', '2019-05-07 08:07:10'),
(356, 25, 10, 3, '2019-05-07 08:07:10', '2019-05-07 08:07:10'),
(357, 25, 11, 2, '2019-05-07 08:07:10', '2019-05-07 08:07:10'),
(358, 25, 12, 3, '2019-05-07 08:07:10', '2019-05-07 08:07:10'),
(359, 25, 13, 3, '2019-05-07 08:07:10', '2019-05-07 08:07:10'),
(360, 25, 14, 4, '2019-05-07 08:07:10', '2019-05-07 08:07:10'),
(361, 26, 3, 3, '2019-05-07 08:07:43', '2019-05-07 08:07:43'),
(362, 26, 4, 4, '2019-05-07 08:07:43', '2019-05-07 08:07:43'),
(363, 26, 5, 2, '2019-05-07 08:07:43', '2019-05-07 08:07:43'),
(364, 26, 6, 3, '2019-05-07 08:07:43', '2019-05-07 08:07:43'),
(365, 26, 7, 2, '2019-05-07 08:07:43', '2019-05-07 08:07:43'),
(366, 26, 8, 2, '2019-05-07 08:07:43', '2019-05-07 08:07:43'),
(367, 26, 9, 3, '2019-05-07 08:07:43', '2019-05-07 08:07:43'),
(368, 26, 10, 3, '2019-05-07 08:07:43', '2019-05-07 08:07:43'),
(369, 26, 11, 3, '2019-05-07 08:07:43', '2019-05-07 08:07:43'),
(370, 26, 12, 2, '2019-05-07 08:07:43', '2019-05-07 08:07:43'),
(371, 26, 13, 3, '2019-05-07 08:07:43', '2019-05-07 08:07:43'),
(372, 26, 14, 2, '2019-05-07 08:07:43', '2019-05-07 08:07:43'),
(373, 27, 3, 1, '2019-05-07 08:08:17', '2019-05-07 08:08:17'),
(374, 27, 4, 1, '2019-05-07 08:08:17', '2019-05-07 08:08:17'),
(375, 27, 5, 2, '2019-05-07 08:08:17', '2019-05-07 08:08:17'),
(376, 27, 6, 1, '2019-05-07 08:08:17', '2019-05-07 08:08:17'),
(377, 27, 7, 1, '2019-05-07 08:08:17', '2019-05-07 08:08:17'),
(378, 27, 8, 1, '2019-05-07 08:08:17', '2019-05-07 08:08:17'),
(379, 27, 9, 2, '2019-05-07 08:08:17', '2019-05-07 08:08:17'),
(380, 27, 10, 2, '2019-05-07 08:08:17', '2019-05-07 08:08:17'),
(381, 27, 11, 2, '2019-05-07 08:08:17', '2019-05-07 08:08:17'),
(382, 27, 12, 1, '2019-05-07 08:08:17', '2019-05-07 08:08:17'),
(383, 27, 13, 2, '2019-05-07 08:08:17', '2019-05-07 08:08:17'),
(384, 27, 14, 2, '2019-05-07 08:08:17', '2019-05-07 08:08:17'),
(385, 28, 3, 4, '2019-05-07 08:08:48', '2019-05-07 08:08:48'),
(386, 28, 4, 4, '2019-05-07 08:08:48', '2019-05-07 08:08:48'),
(387, 28, 5, 4, '2019-05-07 08:08:48', '2019-05-07 08:08:48'),
(388, 28, 6, 3, '2019-05-07 08:08:48', '2019-05-07 08:08:48'),
(389, 28, 7, 2, '2019-05-07 08:08:48', '2019-05-07 08:08:48'),
(390, 28, 8, 2, '2019-05-07 08:08:48', '2019-05-07 08:08:48'),
(391, 28, 9, 2, '2019-05-07 08:08:48', '2019-05-07 08:08:48'),
(392, 28, 10, 3, '2019-05-07 08:08:48', '2019-05-07 08:08:48'),
(393, 28, 11, 1, '2019-05-07 08:08:48', '2019-05-07 08:08:48'),
(394, 28, 12, 1, '2019-05-07 08:08:48', '2019-05-07 08:08:48'),
(395, 28, 13, 2, '2019-05-07 08:08:48', '2019-05-07 08:08:48'),
(396, 28, 14, 3, '2019-05-07 08:08:48', '2019-05-07 08:08:48'),
(397, 29, 3, 5, '2019-05-07 08:09:19', '2019-05-07 08:09:19'),
(398, 29, 4, 4, '2019-05-07 08:09:19', '2019-05-07 08:09:19'),
(399, 29, 5, 5, '2019-05-07 08:09:19', '2019-05-07 08:09:19'),
(400, 29, 6, 5, '2019-05-07 08:09:19', '2019-05-07 08:09:19'),
(401, 29, 7, 4, '2019-05-07 08:09:19', '2019-05-07 08:09:19'),
(402, 29, 8, 4, '2019-05-07 08:09:19', '2019-05-07 08:09:19'),
(403, 29, 9, 4, '2019-05-07 08:09:19', '2019-05-07 08:09:19'),
(404, 29, 10, 5, '2019-05-07 08:09:19', '2019-05-07 08:09:19'),
(405, 29, 11, 4, '2019-05-07 08:09:19', '2019-05-07 08:09:19'),
(406, 29, 12, 5, '2019-05-07 08:09:19', '2019-05-07 08:09:19'),
(407, 29, 13, 5, '2019-05-07 08:09:19', '2019-05-07 08:09:19'),
(408, 29, 14, 5, '2019-05-07 08:09:19', '2019-05-07 08:09:19'),
(409, 30, 3, 5, '2019-05-07 08:09:51', '2019-05-07 08:09:51'),
(410, 30, 4, 3, '2019-05-07 08:09:51', '2019-05-07 08:09:51'),
(411, 30, 5, 3, '2019-05-07 08:09:51', '2019-05-07 08:09:51'),
(412, 30, 6, 3, '2019-05-07 08:09:51', '2019-05-07 08:09:51'),
(413, 30, 7, 2, '2019-05-07 08:09:51', '2019-05-07 08:09:51'),
(414, 30, 8, 2, '2019-05-07 08:09:51', '2019-05-07 08:09:51'),
(415, 30, 9, 3, '2019-05-07 08:09:51', '2019-05-07 08:09:51'),
(416, 30, 10, 4, '2019-05-07 08:09:51', '2019-05-07 08:09:51'),
(417, 30, 11, 3, '2019-05-07 08:09:51', '2019-05-07 08:09:51'),
(418, 30, 12, 4, '2019-05-07 08:09:51', '2019-05-07 08:09:51'),
(419, 30, 13, 4, '2019-05-07 08:09:51', '2019-05-07 08:09:51'),
(420, 30, 14, 3, '2019-05-07 08:09:51', '2019-05-07 08:09:51'),
(421, 31, 3, 4, '2019-05-07 08:10:22', '2019-05-07 08:10:22'),
(422, 31, 4, 4, '2019-05-07 08:10:22', '2019-05-07 08:10:22'),
(423, 31, 5, 4, '2019-05-07 08:10:22', '2019-05-07 08:10:22'),
(424, 31, 6, 4, '2019-05-07 08:10:22', '2019-05-07 08:10:22'),
(425, 31, 7, 3, '2019-05-07 08:10:22', '2019-05-07 08:10:22'),
(426, 31, 8, 2, '2019-05-07 08:10:22', '2019-05-07 08:10:22'),
(427, 31, 9, 3, '2019-05-07 08:10:22', '2019-05-07 08:10:22'),
(428, 31, 10, 4, '2019-05-07 08:10:22', '2019-05-07 08:10:22'),
(429, 31, 11, 2, '2019-05-07 08:10:22', '2019-05-07 08:10:22'),
(430, 31, 12, 2, '2019-05-07 08:10:22', '2019-05-07 08:10:22'),
(431, 31, 13, 3, '2019-05-07 08:10:22', '2019-05-07 08:10:22'),
(432, 31, 14, 3, '2019-05-07 08:10:22', '2019-05-07 08:10:22'),
(433, 32, 3, 3, '2019-05-07 08:11:00', '2019-05-07 08:11:00'),
(434, 32, 4, 3, '2019-05-07 08:11:00', '2019-05-07 08:11:00'),
(435, 32, 5, 4, '2019-05-07 08:11:00', '2019-05-07 08:11:00'),
(436, 32, 6, 4, '2019-05-07 08:11:00', '2019-05-07 08:11:00'),
(437, 32, 7, 2, '2019-05-07 08:11:00', '2019-05-07 08:11:00'),
(438, 32, 8, 2, '2019-05-07 08:11:00', '2019-05-07 08:11:00'),
(439, 32, 9, 3, '2019-05-07 08:11:00', '2019-05-07 08:11:00'),
(440, 32, 10, 3, '2019-05-07 08:11:00', '2019-05-07 08:11:00'),
(441, 32, 11, 3, '2019-05-07 08:11:00', '2019-05-07 08:11:00'),
(442, 32, 12, 3, '2019-05-07 08:11:00', '2019-05-07 08:11:00'),
(443, 32, 13, 2, '2019-05-07 08:11:00', '2019-05-07 08:11:00'),
(444, 32, 14, 2, '2019-05-07 08:11:00', '2019-05-07 08:11:00'),
(445, 33, 3, 4, '2019-05-07 08:11:31', '2019-05-07 08:11:31'),
(446, 33, 4, 4, '2019-05-07 08:11:31', '2019-05-07 08:11:31'),
(447, 33, 5, 3, '2019-05-07 08:11:31', '2019-05-07 08:11:31'),
(448, 33, 6, 3, '2019-05-07 08:11:31', '2019-05-07 08:11:31'),
(449, 33, 7, 3, '2019-05-07 08:11:31', '2019-05-07 08:11:31'),
(450, 33, 8, 3, '2019-05-07 08:11:31', '2019-05-07 08:11:31'),
(451, 33, 9, 3, '2019-05-07 08:11:31', '2019-05-07 08:11:31'),
(452, 33, 10, 5, '2019-05-07 08:11:31', '2019-05-07 08:11:31'),
(453, 33, 11, 2, '2019-05-07 08:11:31', '2019-05-07 08:11:31'),
(454, 33, 12, 2, '2019-05-07 08:11:31', '2019-05-07 08:11:31'),
(455, 33, 13, 3, '2019-05-07 08:11:31', '2019-05-07 08:11:31'),
(456, 33, 14, 2, '2019-05-07 08:11:31', '2019-05-07 08:11:31'),
(457, 34, 3, 2, '2019-05-07 08:12:04', '2019-05-07 08:12:04'),
(458, 34, 4, 2, '2019-05-07 08:12:04', '2019-05-07 08:12:04'),
(459, 34, 5, 2, '2019-05-07 08:12:04', '2019-05-07 08:12:04'),
(460, 34, 6, 2, '2019-05-07 08:12:04', '2019-05-07 08:12:04'),
(461, 34, 7, 1, '2019-05-07 08:12:04', '2019-05-07 08:12:04'),
(462, 34, 8, 1, '2019-05-07 08:12:04', '2019-05-07 08:12:04'),
(463, 34, 9, 2, '2019-05-07 08:12:04', '2019-05-07 08:12:04'),
(464, 34, 10, 3, '2019-05-07 08:12:04', '2019-05-07 08:12:04'),
(465, 34, 11, 3, '2019-05-07 08:12:04', '2019-05-07 08:12:04'),
(466, 34, 12, 3, '2019-05-07 08:12:04', '2019-05-07 08:12:04'),
(467, 34, 13, 3, '2019-05-07 08:12:04', '2019-05-07 08:12:04'),
(468, 34, 14, 3, '2019-05-07 08:12:04', '2019-05-07 08:12:04'),
(469, 35, 3, 3, '2019-05-07 08:12:36', '2019-05-07 08:12:36'),
(470, 35, 4, 2, '2019-05-07 08:12:36', '2019-05-07 08:12:36'),
(471, 35, 5, 3, '2019-05-07 08:12:36', '2019-05-07 08:12:36'),
(472, 35, 6, 2, '2019-05-07 08:12:36', '2019-05-07 08:12:36'),
(473, 35, 7, 2, '2019-05-07 08:12:36', '2019-05-07 08:12:36'),
(474, 35, 8, 2, '2019-05-07 08:12:36', '2019-05-07 08:12:36'),
(475, 35, 9, 3, '2019-05-07 08:12:36', '2019-05-07 08:12:36'),
(476, 35, 10, 3, '2019-05-07 08:12:36', '2019-05-07 08:12:36'),
(477, 35, 11, 2, '2019-05-07 08:12:36', '2019-05-07 08:12:36'),
(478, 35, 12, 2, '2019-05-07 08:12:36', '2019-05-07 08:12:36'),
(479, 35, 13, 3, '2019-05-07 08:12:36', '2019-05-07 08:12:36'),
(480, 35, 14, 4, '2019-05-07 08:12:36', '2019-05-07 08:12:36'),
(481, 36, 3, 1, '2019-05-07 08:13:08', '2019-05-07 08:13:08'),
(482, 36, 4, 1, '2019-05-07 08:13:08', '2019-05-07 08:13:08'),
(483, 36, 5, 2, '2019-05-07 08:13:08', '2019-05-07 08:13:08'),
(484, 36, 6, 2, '2019-05-07 08:13:08', '2019-05-07 08:13:08'),
(485, 36, 7, 1, '2019-05-07 08:13:08', '2019-05-07 08:13:08'),
(486, 36, 8, 2, '2019-05-07 08:13:08', '2019-05-07 08:13:08'),
(487, 36, 9, 2, '2019-05-07 08:13:08', '2019-05-07 08:13:08'),
(488, 36, 10, 3, '2019-05-07 08:13:08', '2019-05-07 08:13:08'),
(489, 36, 11, 2, '2019-05-07 08:13:08', '2019-05-07 08:13:08'),
(490, 36, 12, 2, '2019-05-07 08:13:08', '2019-05-07 08:13:08'),
(491, 36, 13, 1, '2019-05-07 08:13:08', '2019-05-07 08:13:08'),
(492, 36, 14, 1, '2019-05-07 08:13:08', '2019-05-07 08:13:08'),
(493, 37, 3, 3, '2019-05-07 08:13:41', '2019-05-07 08:13:41'),
(494, 37, 4, 3, '2019-05-07 08:13:41', '2019-05-07 08:13:41'),
(495, 37, 5, 3, '2019-05-07 08:13:41', '2019-05-07 08:13:41'),
(496, 37, 6, 2, '2019-05-07 08:13:41', '2019-05-07 08:13:41'),
(497, 37, 7, 2, '2019-05-07 08:13:41', '2019-05-07 08:13:41'),
(498, 37, 8, 2, '2019-05-07 08:13:41', '2019-05-07 08:13:41'),
(499, 37, 9, 3, '2019-05-07 08:13:41', '2019-05-07 08:13:41'),
(500, 37, 10, 3, '2019-05-07 08:13:41', '2019-05-07 08:13:41'),
(501, 37, 11, 3, '2019-05-07 08:13:41', '2019-05-07 08:13:41'),
(502, 37, 12, 2, '2019-05-07 08:13:41', '2019-05-07 08:13:41'),
(503, 37, 13, 3, '2019-05-07 08:13:41', '2019-05-07 08:13:41'),
(504, 37, 14, 3, '2019-05-07 08:13:41', '2019-05-07 08:13:41'),
(505, 38, 3, 4, '2019-05-07 08:14:12', '2019-05-07 08:14:12'),
(506, 38, 4, 4, '2019-05-07 08:14:12', '2019-05-07 08:14:12'),
(507, 38, 5, 3, '2019-05-07 08:14:12', '2019-05-07 08:14:12'),
(508, 38, 6, 2, '2019-05-07 08:14:12', '2019-05-07 08:14:12'),
(509, 38, 7, 2, '2019-05-07 08:14:12', '2019-05-07 08:14:12'),
(510, 38, 8, 2, '2019-05-07 08:14:12', '2019-05-07 08:14:12'),
(511, 38, 9, 4, '2019-05-07 08:14:12', '2019-05-07 08:14:12'),
(512, 38, 10, 5, '2019-05-07 08:14:12', '2019-05-07 08:14:12'),
(513, 38, 11, 1, '2019-05-07 08:14:12', '2019-05-07 08:14:12'),
(514, 38, 12, 1, '2019-05-07 08:14:12', '2019-05-07 08:14:12'),
(515, 38, 13, 2, '2019-05-07 08:14:12', '2019-05-07 08:14:12'),
(516, 38, 14, 3, '2019-05-07 08:14:12', '2019-05-07 08:14:12'),
(517, 39, 3, 4, '2019-05-07 08:14:45', '2019-05-07 08:14:45'),
(518, 39, 4, 4, '2019-05-07 08:14:45', '2019-05-07 08:14:45'),
(519, 39, 5, 4, '2019-05-07 08:14:45', '2019-05-07 08:14:45'),
(520, 39, 6, 2, '2019-05-07 08:14:45', '2019-05-07 08:14:45'),
(521, 39, 7, 2, '2019-05-07 08:14:45', '2019-05-07 08:14:45'),
(522, 39, 8, 2, '2019-05-07 08:14:45', '2019-05-07 08:14:45'),
(523, 39, 9, 3, '2019-05-07 08:14:45', '2019-05-07 08:14:45'),
(524, 39, 10, 5, '2019-05-07 08:14:45', '2019-05-07 08:14:45'),
(525, 39, 11, 3, '2019-05-07 08:14:45', '2019-05-07 08:14:45'),
(526, 39, 12, 3, '2019-05-07 08:14:45', '2019-05-07 08:14:45'),
(527, 39, 13, 4, '2019-05-07 08:14:45', '2019-05-07 08:14:45'),
(528, 39, 14, 4, '2019-05-07 08:14:45', '2019-05-07 08:14:45'),
(529, 40, 3, 4, '2019-05-07 08:15:16', '2019-05-07 08:15:16'),
(530, 40, 4, 4, '2019-05-07 08:15:16', '2019-05-07 08:15:16'),
(531, 40, 5, 4, '2019-05-07 08:15:16', '2019-05-07 08:15:16'),
(532, 40, 6, 3, '2019-05-07 08:15:16', '2019-05-07 08:15:16'),
(533, 40, 7, 3, '2019-05-07 08:15:16', '2019-05-07 08:15:16'),
(534, 40, 8, 3, '2019-05-07 08:15:16', '2019-05-07 08:15:16'),
(535, 40, 9, 4, '2019-05-07 08:15:16', '2019-05-07 08:15:16'),
(536, 40, 10, 5, '2019-05-07 08:15:16', '2019-05-07 08:15:16'),
(537, 40, 11, 5, '2019-05-07 08:15:16', '2019-05-07 08:15:16'),
(538, 40, 12, 3, '2019-05-07 08:15:16', '2019-05-07 08:15:16'),
(539, 40, 13, 4, '2019-05-07 08:15:16', '2019-05-07 08:15:16'),
(540, 40, 14, 4, '2019-05-07 08:15:16', '2019-05-07 08:15:16'),
(541, 41, 3, 1, '2019-05-07 08:15:47', '2019-05-07 08:15:47'),
(542, 41, 4, 1, '2019-05-07 08:15:47', '2019-05-07 08:15:47'),
(543, 41, 5, 2, '2019-05-07 08:15:47', '2019-05-07 08:15:47'),
(544, 41, 6, 2, '2019-05-07 08:15:47', '2019-05-07 08:15:47'),
(545, 41, 7, 2, '2019-05-07 08:15:47', '2019-05-07 08:15:47'),
(546, 41, 8, 2, '2019-05-07 08:15:47', '2019-05-07 08:15:47'),
(547, 41, 9, 4, '2019-05-07 08:15:47', '2019-05-07 08:15:47'),
(548, 41, 10, 5, '2019-05-07 08:15:47', '2019-05-07 08:15:47'),
(549, 41, 11, 3, '2019-05-07 08:15:47', '2019-05-07 08:15:47'),
(550, 41, 12, 3, '2019-05-07 08:15:47', '2019-05-07 08:15:47'),
(551, 41, 13, 2, '2019-05-07 08:15:47', '2019-05-07 08:15:47'),
(552, 41, 14, 2, '2019-05-07 08:15:47', '2019-05-07 08:15:47'),
(553, 42, 3, 2, '2019-05-07 08:16:18', '2019-05-07 08:16:18'),
(554, 42, 4, 2, '2019-05-07 08:16:18', '2019-05-07 08:16:18'),
(555, 42, 5, 3, '2019-05-07 08:16:18', '2019-05-07 08:16:18'),
(556, 42, 6, 2, '2019-05-07 08:16:18', '2019-05-07 08:16:18'),
(557, 42, 7, 2, '2019-05-07 08:16:18', '2019-05-07 08:16:18'),
(558, 42, 8, 2, '2019-05-07 08:16:18', '2019-05-07 08:16:18'),
(559, 42, 9, 3, '2019-05-07 08:16:18', '2019-05-07 08:16:18'),
(560, 42, 10, 5, '2019-05-07 08:16:18', '2019-05-07 08:16:18'),
(561, 42, 11, 4, '2019-05-07 08:16:18', '2019-05-07 08:16:18'),
(562, 42, 12, 2, '2019-05-07 08:16:18', '2019-05-07 08:16:18'),
(563, 42, 13, 2, '2019-05-07 08:16:18', '2019-05-07 08:16:18'),
(564, 42, 14, 4, '2019-05-07 08:16:18', '2019-05-07 08:16:18'),
(565, 43, 3, 3, '2019-05-07 08:16:49', '2019-05-07 08:16:49'),
(566, 43, 4, 3, '2019-05-07 08:16:49', '2019-05-07 08:16:49'),
(567, 43, 5, 3, '2019-05-07 08:16:49', '2019-05-07 08:16:49'),
(568, 43, 6, 4, '2019-05-07 08:16:49', '2019-05-07 08:16:49'),
(569, 43, 7, 5, '2019-05-07 08:16:49', '2019-05-07 08:16:49'),
(570, 43, 8, 4, '2019-05-07 08:16:49', '2019-05-07 08:16:49'),
(571, 43, 9, 3, '2019-05-07 08:16:49', '2019-05-07 08:16:49'),
(572, 43, 10, 4, '2019-05-07 08:16:49', '2019-05-07 08:16:49'),
(573, 43, 11, 2, '2019-05-07 08:16:49', '2019-05-07 08:16:49'),
(574, 43, 12, 1, '2019-05-07 08:16:49', '2019-05-07 08:16:49'),
(575, 43, 13, 3, '2019-05-07 08:16:49', '2019-05-07 08:16:49'),
(576, 43, 14, 3, '2019-05-07 08:16:49', '2019-05-07 08:16:49'),
(577, 44, 3, 4, '2019-05-07 08:17:22', '2019-05-07 08:17:22'),
(578, 44, 4, 4, '2019-05-07 08:17:22', '2019-05-07 08:17:22'),
(579, 44, 5, 4, '2019-05-07 08:17:22', '2019-05-07 08:17:22'),
(580, 44, 6, 4, '2019-05-07 08:17:22', '2019-05-07 08:17:22'),
(581, 44, 7, 3, '2019-05-07 08:17:22', '2019-05-07 08:17:22'),
(582, 44, 8, 5, '2019-05-07 08:17:22', '2019-05-07 08:17:22'),
(583, 44, 9, 3, '2019-05-07 08:17:22', '2019-05-07 08:17:22'),
(584, 44, 10, 5, '2019-05-07 08:17:22', '2019-05-07 08:17:22'),
(585, 44, 11, 4, '2019-05-07 08:17:22', '2019-05-07 08:17:22'),
(586, 44, 12, 3, '2019-05-07 08:17:22', '2019-05-07 08:17:22'),
(587, 44, 13, 4, '2019-05-07 08:17:22', '2019-05-07 08:17:22'),
(588, 44, 14, 3, '2019-05-07 08:17:22', '2019-05-07 08:17:22'),
(589, 45, 3, 3, '2019-05-07 08:17:54', '2019-05-07 08:17:54'),
(590, 45, 4, 3, '2019-05-07 08:17:54', '2019-05-07 08:17:54'),
(591, 45, 5, 3, '2019-05-07 08:17:54', '2019-05-07 08:17:54'),
(592, 45, 6, 3, '2019-05-07 08:17:54', '2019-05-07 08:17:54'),
(593, 45, 7, 3, '2019-05-07 08:17:54', '2019-05-07 08:17:54'),
(594, 45, 8, 2, '2019-05-07 08:17:54', '2019-05-07 08:17:54'),
(595, 45, 9, 5, '2019-05-07 08:17:54', '2019-05-07 08:17:54'),
(596, 45, 10, 5, '2019-05-07 08:17:54', '2019-05-07 08:17:54'),
(597, 45, 11, 2, '2019-05-07 08:17:54', '2019-05-07 08:17:54'),
(598, 45, 12, 2, '2019-05-07 08:17:54', '2019-05-07 08:17:54'),
(599, 45, 13, 2, '2019-05-07 08:17:54', '2019-05-07 08:17:54'),
(600, 45, 14, 3, '2019-05-07 08:17:54', '2019-05-07 08:17:54'),
(601, 46, 3, 5, '2019-05-07 08:18:25', '2019-05-07 08:18:25'),
(602, 46, 4, 4, '2019-05-07 08:18:25', '2019-05-07 08:18:25'),
(603, 46, 5, 2, '2019-05-07 08:18:25', '2019-05-07 08:18:25'),
(604, 46, 6, 2, '2019-05-07 08:18:25', '2019-05-07 08:18:25'),
(605, 46, 7, 1, '2019-05-07 08:18:25', '2019-05-07 08:18:25'),
(606, 46, 8, 1, '2019-05-07 08:18:25', '2019-05-07 08:18:25'),
(607, 46, 9, 4, '2019-05-07 08:18:25', '2019-05-07 08:18:25'),
(608, 46, 10, 4, '2019-05-07 08:18:25', '2019-05-07 08:18:25'),
(609, 46, 11, 3, '2019-05-07 08:18:25', '2019-05-07 08:18:25'),
(610, 46, 12, 2, '2019-05-07 08:18:25', '2019-05-07 08:18:25'),
(611, 46, 13, 2, '2019-05-07 08:18:25', '2019-05-07 08:18:25'),
(612, 46, 14, 2, '2019-05-07 08:18:25', '2019-05-07 08:18:25'),
(613, 47, 3, 2, '2019-05-07 08:18:59', '2019-05-07 08:18:59'),
(614, 47, 4, 2, '2019-05-07 08:18:59', '2019-05-07 08:18:59'),
(615, 47, 5, 1, '2019-05-07 08:18:59', '2019-05-07 08:18:59'),
(616, 47, 6, 1, '2019-05-07 08:18:59', '2019-05-07 08:18:59'),
(617, 47, 7, 1, '2019-05-07 08:18:59', '2019-05-07 08:18:59'),
(618, 47, 8, 1, '2019-05-07 08:18:59', '2019-05-07 08:18:59'),
(619, 47, 9, 2, '2019-05-07 08:18:59', '2019-05-07 08:18:59'),
(620, 47, 10, 2, '2019-05-07 08:18:59', '2019-05-07 08:18:59'),
(621, 47, 11, 1, '2019-05-07 08:18:59', '2019-05-07 08:18:59'),
(622, 47, 12, 1, '2019-05-07 08:18:59', '2019-05-07 08:18:59'),
(623, 47, 13, 2, '2019-05-07 08:18:59', '2019-05-07 08:18:59'),
(624, 47, 14, 3, '2019-05-07 08:18:59', '2019-05-07 08:18:59'),
(625, 48, 3, 2, '2019-05-07 08:19:31', '2019-05-07 08:19:31'),
(626, 48, 4, 3, '2019-05-07 08:19:31', '2019-05-07 08:19:31'),
(627, 48, 5, 2, '2019-05-07 08:19:31', '2019-05-07 08:19:31'),
(628, 48, 6, 3, '2019-05-07 08:19:31', '2019-05-07 08:19:31'),
(629, 48, 7, 2, '2019-05-07 08:19:31', '2019-05-07 08:19:31'),
(630, 48, 8, 3, '2019-05-07 08:19:31', '2019-05-07 08:19:31'),
(631, 48, 9, 3, '2019-05-07 08:19:31', '2019-05-07 08:19:31'),
(632, 48, 10, 4, '2019-05-07 08:19:31', '2019-05-07 08:19:31'),
(633, 48, 11, 2, '2019-05-07 08:19:31', '2019-05-07 08:19:31'),
(634, 48, 12, 2, '2019-05-07 08:19:31', '2019-05-07 08:19:31'),
(635, 48, 13, 4, '2019-05-07 08:19:31', '2019-05-07 08:19:31'),
(636, 48, 14, 4, '2019-05-07 08:19:31', '2019-05-07 08:19:31'),
(637, 49, 3, 2, '2019-05-07 08:20:01', '2019-05-07 08:20:01'),
(638, 49, 4, 2, '2019-05-07 08:20:01', '2019-05-07 08:20:01'),
(639, 49, 5, 3, '2019-05-07 08:20:01', '2019-05-07 08:20:01'),
(640, 49, 6, 4, '2019-05-07 08:20:01', '2019-05-07 08:20:01'),
(641, 49, 7, 3, '2019-05-07 08:20:01', '2019-05-07 08:20:01'),
(642, 49, 8, 4, '2019-05-07 08:20:01', '2019-05-07 08:20:01'),
(643, 49, 9, 4, '2019-05-07 08:20:01', '2019-05-07 08:20:01'),
(644, 49, 10, 5, '2019-05-07 08:20:01', '2019-05-07 08:20:01'),
(645, 49, 11, 4, '2019-05-07 08:20:01', '2019-05-07 08:20:01'),
(646, 49, 12, 2, '2019-05-07 08:20:01', '2019-05-07 08:20:01'),
(647, 49, 13, 2, '2019-05-07 08:20:01', '2019-05-07 08:20:01'),
(648, 49, 14, 2, '2019-05-07 08:20:01', '2019-05-07 08:20:01'),
(649, 50, 3, 4, '2019-05-07 08:20:34', '2019-05-07 08:20:34'),
(650, 50, 4, 5, '2019-05-07 08:20:34', '2019-05-07 08:20:34'),
(651, 50, 5, 4, '2019-05-07 08:20:34', '2019-05-07 08:20:34'),
(652, 50, 6, 4, '2019-05-07 08:20:34', '2019-05-07 08:20:34'),
(653, 50, 7, 3, '2019-05-07 08:20:34', '2019-05-07 08:20:34'),
(654, 50, 8, 4, '2019-05-07 08:20:34', '2019-05-07 08:20:34'),
(655, 50, 9, 5, '2019-05-07 08:20:34', '2019-05-07 08:20:34'),
(656, 50, 10, 5, '2019-05-07 08:20:34', '2019-05-07 08:20:34'),
(657, 50, 11, 5, '2019-05-07 08:20:34', '2019-05-07 08:20:34'),
(658, 50, 12, 5, '2019-05-07 08:20:34', '2019-05-07 08:20:34'),
(659, 50, 13, 3, '2019-05-07 08:20:34', '2019-05-07 08:20:34'),
(660, 50, 14, 4, '2019-05-07 08:20:34', '2019-05-07 08:20:34');

-- --------------------------------------------------------

--
-- Struktur dari tabel `role`
--

CREATE TABLE `role` (
  `id` int(11) NOT NULL,
  `role` varchar(255) NOT NULL,
  `created_at` timestamp NOT NULL DEFAULT CURRENT_TIMESTAMP,
  `updated_at` timestamp NOT NULL DEFAULT CURRENT_TIMESTAMP ON UPDATE CURRENT_TIMESTAMP
) ENGINE=InnoDB DEFAULT CHARSET=latin1;

--
-- Dumping data untuk tabel `role`
--

INSERT INTO `role` (`id`, `role`, `created_at`, `updated_at`) VALUES
(1, 'Admin', '2019-05-07 09:22:21', '2019-05-07 09:22:21'),
(2, 'Decision Maker', '2019-05-07 09:22:21', '2019-05-07 09:22:21');

-- --------------------------------------------------------

--
-- Struktur dari tabel `subkriteria`
--

CREATE TABLE `subkriteria` (
  `id` int(11) NOT NULL,
  `id_kriteria` int(11) NOT NULL,
  `subkriteria` varchar(255) NOT NULL,
  `created_at` timestamp NOT NULL DEFAULT CURRENT_TIMESTAMP,
  `updated_at` timestamp NOT NULL DEFAULT CURRENT_TIMESTAMP ON UPDATE CURRENT_TIMESTAMP
) ENGINE=InnoDB DEFAULT CHARSET=latin1;

--
-- Dumping data untuk tabel `subkriteria`
--

INSERT INTO `subkriteria` (`id`, `id_kriteria`, `subkriteria`, `created_at`, `updated_at`) VALUES
(3, 2, 'Kemampuan Intelektual', '2019-05-07 06:03:19', '2019-05-07 06:03:19'),
(4, 2, 'Daya Ingat', '2019-05-07 06:03:19', '2019-05-07 06:03:19'),
(5, 3, 'Komunikasi', '2019-05-07 06:05:35', '2019-05-07 06:05:35'),
(6, 3, 'Kepemimpinan', '2019-05-07 06:05:35', '2019-05-07 06:05:35'),
(7, 4, 'Penyesuaian Diri', '2019-05-07 06:06:09', '2019-05-07 06:06:09'),
(8, 4, 'Ketahanan Kerja', '2019-05-07 06:06:10', '2019-05-07 06:06:10'),
(9, 5, 'Penguasaan Terhadap Pekerjaan', '2019-05-07 06:06:59', '2019-05-07 06:06:59'),
(10, 5, 'Waktu', '2019-05-07 06:06:59', '2019-05-07 06:06:59'),
(11, 6, 'Keterampilan Interaktif', '2019-05-07 06:07:50', '2019-05-07 06:07:50'),
(12, 6, 'Keterampilan Pemecahan Masalah', '2019-05-07 06:07:50', '2019-05-07 06:07:50'),
(13, 7, 'Pengetahuan', '2019-05-07 06:08:18', '2019-05-07 06:08:18'),
(14, 7, 'Pemahaman', '2019-05-07 06:08:19', '2019-05-07 06:08:19');

--
-- Indexes for dumped tables
--

--
-- Indexes for table `divisi`
--
ALTER TABLE `divisi`
  ADD PRIMARY KEY (`id`);

--
-- Indexes for table `karyawan`
--
ALTER TABLE `karyawan`
  ADD PRIMARY KEY (`id`),
  ADD KEY `id_divisi` (`id_divisi`);

--
-- Indexes for table `kriteria`
--
ALTER TABLE `kriteria`
  ADD PRIMARY KEY (`id`);

--
-- Indexes for table `pengguna`
--
ALTER TABLE `pengguna`
  ADD PRIMARY KEY (`id`),
  ADD KEY `id_role` (`id_role`);

--
-- Indexes for table `penilaian_karyawan`
--
ALTER TABLE `penilaian_karyawan`
  ADD PRIMARY KEY (`id`),
  ADD KEY `id_subkriteria` (`id_subkriteria`),
  ADD KEY `id_karyawan` (`id_karyawan`);

--
-- Indexes for table `role`
--
ALTER TABLE `role`
  ADD PRIMARY KEY (`id`);

--
-- Indexes for table `subkriteria`
--
ALTER TABLE `subkriteria`
  ADD PRIMARY KEY (`id`),
  ADD KEY `id_kriteria` (`id_kriteria`);

--
-- AUTO_INCREMENT for dumped tables
--

--
-- AUTO_INCREMENT for table `divisi`
--
ALTER TABLE `divisi`
  MODIFY `id` int(11) NOT NULL AUTO_INCREMENT, AUTO_INCREMENT=5;

--
-- AUTO_INCREMENT for table `karyawan`
--
ALTER TABLE `karyawan`
  MODIFY `id` int(11) NOT NULL AUTO_INCREMENT, AUTO_INCREMENT=51;

--
-- AUTO_INCREMENT for table `kriteria`
--
ALTER TABLE `kriteria`
  MODIFY `id` int(11) NOT NULL AUTO_INCREMENT, AUTO_INCREMENT=8;

--
-- AUTO_INCREMENT for table `pengguna`
--
ALTER TABLE `pengguna`
  MODIFY `id` int(11) NOT NULL AUTO_INCREMENT, AUTO_INCREMENT=3;

--
-- AUTO_INCREMENT for table `penilaian_karyawan`
--
ALTER TABLE `penilaian_karyawan`
  MODIFY `id` int(11) NOT NULL AUTO_INCREMENT, AUTO_INCREMENT=661;

--
-- AUTO_INCREMENT for table `role`
--
ALTER TABLE `role`
  MODIFY `id` int(11) NOT NULL AUTO_INCREMENT, AUTO_INCREMENT=3;

--
-- AUTO_INCREMENT for table `subkriteria`
--
ALTER TABLE `subkriteria`
  MODIFY `id` int(11) NOT NULL AUTO_INCREMENT, AUTO_INCREMENT=15;

--
-- Ketidakleluasaan untuk tabel pelimpahan (Dumped Tables)
--

--
-- Ketidakleluasaan untuk tabel `karyawan`
--
ALTER TABLE `karyawan`
  ADD CONSTRAINT `karyawan_ibfk_1` FOREIGN KEY (`id_divisi`) REFERENCES `divisi` (`id`) ON DELETE CASCADE ON UPDATE CASCADE;

--
-- Ketidakleluasaan untuk tabel `pengguna`
--
ALTER TABLE `pengguna`
  ADD CONSTRAINT `pengguna_ibfk_1` FOREIGN KEY (`id_role`) REFERENCES `role` (`id`) ON DELETE CASCADE ON UPDATE CASCADE;

--
-- Ketidakleluasaan untuk tabel `penilaian_karyawan`
--
ALTER TABLE `penilaian_karyawan`
  ADD CONSTRAINT `penilaian_karyawan_ibfk_1` FOREIGN KEY (`id_subkriteria`) REFERENCES `subkriteria` (`id`) ON DELETE CASCADE ON UPDATE CASCADE,
  ADD CONSTRAINT `penilaian_karyawan_ibfk_2` FOREIGN KEY (`id_karyawan`) REFERENCES `karyawan` (`id`) ON DELETE CASCADE ON UPDATE CASCADE;

--
-- Ketidakleluasaan untuk tabel `subkriteria`
--
ALTER TABLE `subkriteria`
  ADD CONSTRAINT `subkriteria_ibfk_1` FOREIGN KEY (`id_kriteria`) REFERENCES `kriteria` (`id`) ON DELETE CASCADE ON UPDATE CASCADE;
COMMIT;

/*!40101 SET CHARACTER_SET_CLIENT=@OLD_CHARACTER_SET_CLIENT */;
/*!40101 SET CHARACTER_SET_RESULTS=@OLD_CHARACTER_SET_RESULTS */;
/*!40101 SET COLLATION_CONNECTION=@OLD_COLLATION_CONNECTION */;
